Category,Short Form,Regex,Full Form (English),Related,Description,Arabic,Description (Arabic),Chinese,Description (Chinese),French,Description (French),German,Description (German),Italian,Description (Italian),Japanese,Description (Japanese),Korean,Description (Korean),Portugese,Description (Portugese),Russian,Description (Russian),Spanish,Description (Spanish)
1.12.2_magic,,,Async Observer,,1.12.2,,,异步侦测器链,,,,,,,,,,,,,,,,Observer Asíncrono,
1.12.2_magic,,,Blockstate palettes,,1.12.2,,,方块状态调色板,,,,,,,,,,,,,,,,Paletas de Blockstates,
1.12.2_magic,,,Chunk Manipulation,,,,,区块操作*,,,,,,,,,,,,,,,,Manipulación de Chunks,
1.12.2_magic,,,Chunk Population,,1.12.2,,,区块装饰,,,,,,,,,,,,,,,,Populación de Chunks,
1.12.2_magic,,,Chunk Swap,,1.12.2,,,区块替换,,,,,,,,,,,,,,,,Chunk Swap,
1.12.2_magic,,,Cluster,,1.12.2,,,区块集群,,,,,,,,,,,,,,,,Cluster,
1.12.2_magic,,,Falling Swap,,1.12.2,,,落沙替换,,,,,,,,,,,,,,,,Falling swap,
1.12.2_magic,,,Instant falling,,1.12.2,,,瞬时下落,1.12中存在的游戏规则，其使任何重力方块跳过坠落过程直接出现于坠落的目标位置。,,,,,,,,,,,,,,,Instant Fall (Caída instantánea de bloques),
1.12.2_magic,ITT,,Instant Scheduling (aka Instant Tile Tick),,1.12.2,,,瞬时计划刻,1.12中存在的游戏规则，其使得任何计划刻无视延迟立即执行。,,,,,,,,,,,,,,,Instant Scheduling (Scheduling instantáneo),
1.12.2_magic,ITT,,Instant Tile Tick (aka Instant Scheduling),,1.12.2,,,瞬时计划刻,1.12中存在的游戏规则，其使得任何计划刻无视延迟立即执行。,,,,,,,,,,,,,,,Instant Tile Tick (Tile ticks instantáneos),
1.12.2_magic,,,Synchronized method,,1.12.2,,,同步锁方法,,,,,,,,,,,,,,,,Método `synchronized`,
1.12.2_magic,,,Word Tear,,1.12.2,,,字撕裂,,,,,,,,,,,,,,,,Word tear,
coding,AABB,,Axis Aligned Bounding Box,,,,,（实体的）碰撞箱/边界箱,轴对齐边界框，一种常用于 计算机图形学 和 碰撞检测 中的简单边界框。 它们的特点是其边缘与坐标轴平行。（常指实体或方块的碰撞箱，用于检测碰撞和交互。）,,,,,,,,,,,,,,,Bounding Box Alineada en los Ejes,
coding,,,Bounding Box (aka Axis Aligned Bounding Box),,,,,（实体的）碰撞箱/边界箱,轴对齐边界框。指实体或方块的碰撞箱。,,,,,,,,,,,,,,,Bounding Box Alineada en los Ejes,
coding,BFS,,Breadth First Search,,,,,广度/宽度优先搜索,一种搜索算法，从起始节点开始，逐层扩展，先访问离起始节点最近的节点，后访问离起始节点稍远的节点。以此类推，直到完成整个搜索过程。,,,,,,,,,,,,,,,Búsqueda en Anchura,
coding,CCE ,,ClassCastException ,,,,,类型转换异常  ,是Java的一个运行时异常，当一个对象的类型被强制转换到一个它不符合的类型的时被抛出。可以通过方块实体替换抛出CCE实现强转更新抑制。,,,,,,,,,,,,,,,,
coding,CME,,ConcurrentModificationException,,,,,并发修改异常,Java 中的一个运行时异常，通常在对集合进行迭代的过程中修改了集合结构时（例如，增删元素）抛出,,,,,,,,,,,,,,,ConcurrentModificationException (error de java),
coding,,,Congruential Generator,,,,,同余生成器,,,,,,,,,,,,,,,,Generador Congruencial,
coding,DFS,,Depth-First Search,,,,,深度优先搜索,一种用于遍历或搜索的算法，其尽可能深入地访问每个节点，直到无法继续为止，然后回溯到之前的节点层继续遍历。,,,,,,,,,,,,,,,Búsqueda Depth-First,
coding,DP,,Dynamic Programming,,,,,动态规划,,,,,,,,,,,,,,,,Programación Dinámica,
coding,,,Hash,,,,,哈希,一种将任意大小数据映射至固定大小的输出（哈希值）的技术。,,,,,,,,,,,,,,,Hash,
coding,,,Hitbox (aka Axis Aligned Bounding Box),,,,,（实体的）碰撞箱/边界箱,,,,,,,,,,,,,,,,Hitbox,
coding,IAE ,,IllegalArgumentException ,,,,,非法参数异常 ,,,,,,,,,,,,,,,,,
coding,MCP,,Mod Coder Pack,,,,,MCP,模组开发提供便利，反混淆的工具。,,,,,,,,,,,,,,,Mod Coder Pack,
coding,,,Noise Map,,,,,噪声图,,,,,,,,,,,,,,,,Mapa de Ruido,
coding,,,Operation Stack,,,,,操作栈,,,,,,,,,,,,,,,,Stack de Operaciones,
coding,OOM ,,OutOfMemoryError ,,,,,内存溢出错误,,,,,,,,,,,,,,,,,
coding,,,Perlin Noise,,,,,柏林噪声,,,,,,,,,,,,,,,,Ruido de Perlin,
coding,,,Queue,,,,,队列,一系列等待被执行的事件。,,,,,,,,,,,,,,,Lista de espera,
coding,RNG,,Random Number Generation,,"Every randomized action in the game is based on a single pseudo random number generator. The generator has a reset function and a ""forward function"", which is called whenever a random number is required.",,,随机数生成,游戏内的随机事件均由一个随机数生成器。该生成器可被重置，或者返回下一个随机数值。,,,,,,,,,,,,,,,,
coding,,,RNG Manipulation,,Manipulate the chance of a random event happening.,,,随机数操控*,通过特殊逆向方法破解随机数生成器后，更具其规则，有意地进行某些行为以操控该随机数生成器的下一个结果。,,,,,,,,,,,,,,,Manipulación de RNG,
coding,,,Stack,,,,,栈,,,,,,,,,,,,,,,,Stack,
coding,SOE ,,StackOverflowError ,,,,,栈溢出异常 ,,,,,,,,,,,,,,,,,
coding,UI,,User Interface,,"The part of a contraption or system that the end user interacts with, regardless of the inner workings of the system.",,,用户面板,,,,,,,,,,,,,,,,Interfaz de Usuario,
computational,,,(Shulker Box) Disk Driver,,,,,盒子硬盘,,,,,,,,,,,,,,,,(Shulker Box) Disk Driver,
computational,,,AND-Gate,,,,,与门,与门。一种逻辑电路，输出仅在所有输入均为真时为真。,,,,,,,,,,,,,,,Puerta AND,
computational,,,Decoder,,"In computational redstone, it's sometimes used to mean increasing the size of a base, bin to hex, for example, see Transcoder.",,,解码器,在计算红石中，有时指增大编码基数，例如从二进制（bin）转换为十六进制（hex），参见转码器（Transcoder）。,,,,,,,,,,,,,,,Decodificador,
computational,,,Encoder,,"In computational redstone, this sometimes refers to decreasing the size of the base used in the code: for example hex to bin. see Transcoder.",,,编码器,,,,,,,,,,,,,,,,Codificador,
computational,,,Fifo (aka Shift Register),,,,,移位寄存器,,,,,,,,,,,,,,,,Registro de Desplazamiento,
computational,,,Logical Gate,,,,,逻辑门,一种逻辑运算单元，在minecraft中，其有信号，无信号可以分别代表逻辑上个“真”搭“假”或二进制当中个1搭0，从而实现逻辑运算。,,,,,,,,,,,,,,,Puerta Lógica,
computational,,,Parallel Codes,,"A code is said to be parallel if the all the bits of the signal are sent through individual wires or lines This usually allows for faster and easier to use codes than Serial codes, but it tends to be more expensive and bigger.",,,并行码/并行信号,,,,,,,,,,,,,,,,Código en Paralelo,
computational,RAM,,Random-Access Memory,,,,,读写存储器,,,,,,,,,,,,,,,,Memoria de Acceso Aleatorio,
computational,ROM,,Read-Only Memory,,,,,只读存储器,,,,,,,,,,,,,,,,Memoria de solo lectura,
computational,,,Redcoder,,,,,红石信号解码器,,,,,,,,,,,,,,,,Redcoder,
computational,,,Serial Codes,,"A code is said to be serial if the bits of the signal are sent one after the other through a single wire. This is more space and resource efficient than Parallel codes, but usually slower and harder to implement.",,,串行码/并行信号,,,,,,,,,,,,,,,,Código Serial,
computational,,,Shift Register (aka Fifo),,,,,移位寄存器,,,,,,,,,,,,,,,,Registro de Desplazamiento,
computational,,,T Flip-Flop,,Short for Toggle Flip-Flop. Refers a circuit that changes its output state (toggles) when a pulse is received.,,,T触发器/T触,一个装置，受到一次脉冲时翻转自身状态。,,,,,,,,,,,,,,,T Flip-Flop,
computational,,,Toggle State,,"Usually used to refer to intentionally having sticky piston's drop its block by sending it a <3gt pulse in order to cycle between two different states (toggling between block in and out). Importantly, togglestates have no default position, and there is no way to reset them. This makes them painful to use in survival as they're hard to debug. This is different to latches, which are also systems that hold state. Latches usually have a reset signal that you can trigger when something goes wrong.",,,T触*,,,,,,,,,,,,,,,,Toggle State (Estados alternos),
computational,,,Transcoder,,"A device or contraption to convert between encodings of a signal: Binary to Hexadecimal, hex to octal, pulse length to binary, block event delay to overloaded comparator, etc.",,,转码器,,,,,,,,,,,,,,,,Transcodificador,
contraptions,,,Bartering Farm,,,,,猪灵交易所,指通过与猪灵交易获取资源的自动化农场。,,,,,,,,,,,,,,,Granja de Bartering,
contraptions,,,Basalt Farm,,,,,玄武岩机,产出玄武岩的刷石机。,,,,,,,,,,,,,,,Granja de Basalto,
contraptions,,,Breeder,,A contraption that breeds mobs.,,,繁殖机,繁殖生物的装置。,,,,,,,,,,,,,,,Breeder,
contraptions,,,Bridge Maker,,,,,造桥机/铺路机,自动建造桥梁以跨越地形的装置。,,,,,,,,,,,,,,,Creadora de Puentes,
contraptions,,,Carpet Duping/Duper,,,,,地毯复制/复制机,自动化复制地毯的装置。,,,,,,,,,,,,,,,Duper de alfombras,
contraptions,,,Chunk Loader,,,,,区块加载器,指用于保持区块加载以维持装置运行的装置。,,,,,,,,,,,,,,,Cargador de Chunks,
contraptions,,,Chunk Loader Line,,,,,区块加载器链,一连串区块加载器。,,,,,,,,,,,,,,,Línea de Cargadores de Chunks,
contraptions,,,Cobblestone Farm,,,,,刷石机,自动产出石头的装置。,,,,,,,,,,,,,,,Granja de Cobblestone,
contraptions,,,Concrete Converter,,,,,混凝土固化机,将混凝土粉末转换为混凝土的装置。,,,,,,,,,,,,,,,Convertidor de Concreto,
contraptions,,,Concrete Factory,,Refers to a contraption that converts concrete powder duped from a gravity block duper to concrete and destroys the concrete.,,,混凝土固化机,将混凝土粉末转换为混凝土的装置，但特别为刷沙机设计。,,,,,,,,,,,,,,,Fábrica de Concreto,
contraptions,,,Dragon Killer/Slayer,,,,,屠龙炮,使用高度箭瞬间杀死末影龙的装置。,,,,,,,,,,,,,,,Matador de dragones,
contraptions,,,Elytra Cannon (aka Player Cannon),,,,,玩家炮/鞘翅炮,类似珍珠炮，但被推进的是玩家而非珍珠。,,,,,,,,,,,,,,,Cañón de Elytras (o Cañón de Player),
contraptions,,,Flower Farm,,,,,刷花机,产出花的自动化农场。,,,,,,,,,,,,,,,Granja de Flores,
contraptions,,,Fortress Farm,,,,,要塞全怪塔/堡垒全怪塔,自动化生产所有下界要塞中怪物的掉落物的自动化农场。,,,,,,,,,,,,,,,Granja general de mobs de fortaleza,
contraptions,GMF,,General Mob Farm,,,,,主世界刷怪塔,建造在主世界的自动化怪物战利品获取农场。,,,,,,,,,,,,,,,Granja general de Mobs,
contraptions,,,Gravity Block Duper,,,,,刷沙机,自动化复制重力方块的装置。,,,,,,,,,,,,,,,Duper de bloques con gravedad,
contraptions,,,Ice Farm,,,,,刷冰机,自动化获取冰的农场。,,,,,,,,,,,,,,,Granja de Hielo,
contraptions,,,Iron Farm,,,,,刷铁机,生产铁的自动化农场。,,,,,,,,,,,,,,,Granja de Hierro,
contraptions,,,Map Art,,,,,地图画,使用地图进行的艺术创作。,,,,,,,,,,,,,,,Map Art,
contraptions,,,Mob Head Farm,,,,,头颅农场,,,,,,,,,,,,,,,,Granja de Cabezas de Mobs,
contraptions,,,Pearl cannon,,,,,珍珠炮,指利用爆炸物等推进剂加速珍珠并使其快速移动的装置。,,,,,,,,,,,,,,,Cañón de perlas,
contraptions,,,Pearl Stasis Chamber,,,,,珍珠缓存站/滞留站,将珍珠投掷物长久性留存在某个位置的装置。,,,,,,,,,,,,,,,Stasis chamber de Perlas,
contraptions,,,Pig Cannon,,,,,猪炮,以极高的速度发射猪。,,,,,,,,,,,,,,,Cañón de Cerdos,
contraptions,,,Piston Bolt,,A contraption using an array of pistons to move minecarts on specific rail setup to achieve a high movement speed.,,,矿车传送带/活塞矿车,通过特殊的活塞与铁轨排列以达到高度移动矿车的装置。,,,,,,,,,,,,,,,Piston Bolt,
contraptions,,,Player Cannon (aka Elytra Cannon),,,,,玩家炮/鞘翅炮,以极高的速度发射玩家。,,,,,,,,,,,,,,,Cañón de Jugadores (de elytras),
contraptions,,,Quarry,,,,,挖矿机/采矿机/采石场,,,,,,,,,,,,,,,,Quarry,
contraptions,,,Quarry Trencher,,"A flying machine that makes trench by transporting blocks from terrain and destroys elsewhere, similar to a quarry.",,,挖沟机,指将自动将沿路方块移走并销毁的装置。,,,,,,,,,,,,,,,Trencher de Quarry,
contraptions,,,Rail Duping/Rail Duper,,,,,铁轨复制/刷铁轨机,自动化复制铁轨的装置。,,,,,,,,,,,,,,,Duper de Railes,
contraptions,,,Sand Duping/Sand Duper,,,,,刷沙/刷沙机,属于重力方块复制机的一种，但仅复制沙子类的方块。*,,,,,,,,,,,,,,,Duper de Arena,
contraptions,,,Sheep Fricker,,,,,草羊机,,,,,,,,,,,,,,,,Violadora de Ovejas,
contraptions,,,String Duper,,,,,刷线机,,,,,,,,,,,,,,,,Duper de Hilo,
contraptions,,,Trading Hall,,,,,村民交易所,,,,,,,,,,,,,,,,Trading Hall,
contraptions,,,Trencher,,A flying machine that makes trench.,,,炸沟机/挖沟机,,,,,,,,,,,,,,,,Trencher,
contraptions,,,Trenchless Quarry,,Quarry which does not require clearance on the bottom or sides.,,,无沟采矿机,,,,,,,,,,,,,,,,Quarry sin trincheras,
contraptions,,,Tripwire Hook Duper,,,,,刷钩机,,,,,,,,,,,,,,,,Duper de Tripwire Hook,
contraptions,,,Update Skipping/Skipper,,,,,更新跳略/跳略机,,,,,,,,,,,,,,,,Update Skipping/Skipper,
contraptions,,,Update Suppression ,,"The practice of forcing the game to stop the current block update process, skip all unexecuted block updates, and all of code after the update. ",,,更新抑制 ,指在方块更新传播过程中，迫使游戏停止当前方块更新过程，跳过所有未执行的方块更新，以及更新后的一系列其他游戏逻辑。,,,,,,,,,,,,,,,,
contraptions,,,Update Suppression/Suppressor,,,,,更新抑制/抑制器,,,,,,,,,,,,,,,,Update Suppression,
contraptions,,,Wither Killer,,,,,杀凋机,,,,,,,,,,,,,,,,Wither Killer,
contraptions,,,Wool Farm,,,,,羊毛机,,,,,,,,,,,,,,,,Granja de Lana,
contraptions,WE,,World Eater,,,,,世界吞噬者/世吞,,,,,,,,,,,,,,,,World eater,
contraptions; slimestone,,,(Liquid) Sweeper,,Slimestone term. Refers to a flying machine that clears out fluid within an area.,,,排水机,绿萌术语。指一种清除区域内液体的飞行器。,,,,,,,,,,,,,,,Barredora (de líquidos),
contraptions; slimestone,,,1-Wide Trench World Eater (aka Trench-less World Eater),,Slimestone term. Usually refers to world eaters that only require 1 wide main trenches on both sides.,,,无沟世吞,绿萌术语。通常指仅需两侧各1格宽主沟渠的世界吞噬者。,,,,,,,,,,,,,,,World eater sin trenches,
contraptions; slimestone,,,3 Way Duper,,Slimestone term. Refers to small TNT dupers with movable stations that move in 3 directions to clear an area,,,三向轰炸机,绿萌术语，指可在三个方向移动的小型TNT复制机，用于清除区域,,,,,,,,,,,,,,,Duper 3D,
contraptions; slimestone,,,Bomber,,Slimestone term. Refers to small TNT dupers with movable stations to clear an area.,,,轰炸机,绿萌术语。指用于清理区域的，小型的移动的TNT复制机。,,,,,,,,,,,,,,,Bombardero,
contraptions; slimestone,,,Ceiling Placer,,Slimestone term.,,,铺天花板机,,,,,,,,,,,,,,,,Colocador de techos,
contraptions; slimestone,,,Floor Placer,,Slimestone term.,,,铺地板机,,,,,,,,,,,,,,,,Colocador de suelos,
contraptions; slimestone,,,Trench-less World Eater (aka 1-Wide Trench World Eater),,Slimestone term. Usually refers to world eaters that only require 1 wide main trenches on both sides.,,,无沟世吞,,,,,,,,,,,,,,,,World eater sin trenches,
contraptions; slimestone,,,Tunnel Bore,,Slimestone term. Refers to machines that digs tunnels.,,,盾构机,,,,,,,,,,,,,,,,Tuneladora,
contraptions; slimestone,VDQ,,Vertical Duping Quarry,,Slimestone term.,,,垂直复制采矿机,,,,,,,,,,,,,,,,Quarry de Duplicación de TNT Vertical,
contraptions; slimestone,,,Wall Placer,,Slimestone term.,,,铺墙机/糊墙机,,,,,,,,,,,,,,,,Colocador de Muro,
contraptions; storage,MS,,Main Storage,,Storage tech term.,,,全物品/全物品分类仓库,储电述语，指一个巨大的仓库，其可分类并存储几乎所有可获得的已知物品。,,,,,,,,,,,,,,,Almacén Principal,
contraptions; tree_farm,UTF,,Universal Tree Farm,,"Tree farming term. In versions <1.17, refers to tree farm that farms all 5 types of 1x1 trees (birch, oak, spruce, jungle, acacia). In versions >1.17, usually refers to tree farm that can farm all 1x1 trees except mangrove (birch, oak, spruce, jungle, acacia, azalea, cherry).",,,全树种,,,,,,,,,,,,,,,,Granja de Madera Universal,
general,0t,,0-tick,,Usually refers to a redstone signal that is shorter than 1gt. Also used to describe a piston extending and retracting within the same game tick.,,,0t,常指短于1游戏刻的红石信号。也可用于描述在同一游戏刻内活塞的伸出和缩回。,,,,,,,,,,,,,,,0-tick,
general,,,Array,,,,,阵列,阵列。指一组按特定模式排列的样式。,,,,,,,,,,,,,,,Array,
general,,,Bedrock Breaking/Breaker,,,,,破基岩/破基岩机/基岩机,用于破坏基岩的装置。,,,,,,,,,,,,,,,Bedrock Breaker,
general,,,Bedrock-less,,Usually used to describe wither cages without bedrock.,,,无基岩,通常用于描述不含基岩的凋灵笼。,,,,,,,,,,,,,,,Sin bedrock,
general,,,Biome,,,,,生物群系,生物群系。指游戏中具有特定环境和生态特征的区域。,,,,,,,,,,,,,,,Bioma,
general,B36,,Block 36 (aka Moving Piston),,,,,36号方块,移动中的活塞。,,,,,,,,,,,,,,,Bloque 36,
general,,,Block Entity (aka Tile Entity),,,,,方块实体,指具有外观渲染，特殊功能或存储NBT数据的方块，如箱子、熔炉等。,,,,,,,,,,,,,,,Block Entity (Tile entity),
general,BE,,Block Event,,,,,方块事件,用于同步并指导客户端执行特定方块行为或者模拟服务器发生的方块行为。,,,,,,,,,,,,,,,Block Event,
general,BED,,Block Event Delay/Depth,,"Usually refers to piston updating other pistons in a chain reaction within a single game tick. Since pistons activate during the block event phase of the tick (kind of) and things execute in the order they are scheduled, having something be activated by a piston that was updated by a chain of three other pistons before it (BED 3) will always happen before something that was activated by a BED 5 event.",,,方块事件深度/方块事件延迟,方块事件延迟/深度。通常指在单个游戏刻内，活塞通过链式反应更新其他活塞。由于活塞在游戏刻的方块事件阶段激活，且按调度顺序执行，由三个活塞链更新触发的活塞（BED 3）总比由五个活塞链更新触发的（BED 5）先发生。,,,,,,,,,,,,,,,Block Event Delay,
general,,,Block Stream,,,,,方块流,,,,,,,,,,,,,,,,Corriente de bloques,
general,,,Block Stream Merger,,,,,方块整流器,,,,,,,,,,,,,,,,Unificador de corrientes de bloques,
general,,,Block Tick (aka Tile Tick),,,,,计划刻,指游戏中为特定方块安排的延迟执行任务。,,,,,,,,,,,,,,,Tile Tick,
general,BUD,,Block Update Detector,,A device that has something happen when it receives an update.,,,方块更新检测器,方块更新检测器。一种在接收到（NC）更新时触发特定动作的装置。,,,,,,,,,,,,,,,Detector de Block Updates,
general,,,Border Load,,,,,边界加载,,,,,,,,,,,,,,,,Carga de Bordes,
general,,,Chunk,,,,,区块,指游戏世界中16x16x<世界高度>的区域，用于管理地形和实体加载。,,,,,,,,,,,,,,,Chunk,
general,,,Chunk Section,,,,,子区块/区段,一个区块被分为数个16x16x16的子区块,,,,,,,,,,,,,,,Sección de Chunk,
general,CT,,Chunk Tick,,,,,区块刻,区块处理，如随机刻等。,,,,,,,,,,,,,,,Chunk Tick,
general,,,Chunk Ticket,,,,,加载票,用于控制区块加载的机制。,,,,,,,,,,,,,,,Ticket de Chunk,
general,,,Collection,,Usually refers to a component that collects the item drops.,,,收集,自动集中掉落物的装置。,,,,,,,,,,,,,,,Colección,
general,,,Comparator Update,,,,,比较器更新,,,,,,,,,,,,,,,,,
general,CUD,,Comparator Update Detector (aka Tile Entity Update Detector),,"Refers to a comparator that will change its signal once it either receives a block or inventory update. It is based on the behavior inherent to comparators where they don't notice inventory changes when reading it through a solid block (including an inventory being moved away or put in place, like a composter being moved by a piston). The CUD will then change it's signal once it either receives a block or inventory update.",,,比较器更新检测器,检测比较器更新。,,,,,,,,,,,,,,,Detector de Updates de Tile Entities (Detector de Updates de Comparadores),
general,,,Conversion,,,,,换算,,,,,,,,,,,,,,,,Conversión,
general,,,Conveyor,,Usually refers to a contraption that conveys a block or entity.,,,传送带,传世方块或实体的装置。,,,,,,,,,,,,,,,Cinta transportadora,
general,,,Crafter,,,,,合成器/牛爷爷,,,,,,,,,,,,,,,,Crafter,
general,,,Crosstalk,,A term used for when 2 tiled Slices are interfering with each other in any situation.,,,串线,指两个单片/线路的互相影响。,,,,,,,,,,,,,,,Crosstalk (Diafonía),
general,cyc,,Cyclical,,,,,循环的,,,,,,,,,,,,,,,,Cíclico,
general,DUD,,Data Update Detector (aka Comparator Update Detector),,"Refers to a comparator that will change its signal once it either receives a block or inventory update. It is based on the behavior inherent to comparators where they don't notice inventory changes when reading it through a solid block (including an inventory being moved away or put in place, like a composter being moved by a piston). The CUD will then change it's signal once it either receives a block or inventory update.",,,方块实体更新检测器(/CUD*),指一种比较器，当接收到方块或库存更新时会改变其信号。这种机制基于比较器的固有行为，即通过固体方块读取时无法察觉库存变化（包括库存被移走或放置，例如堆肥桶被活塞移动）。比较器更新检测器（CUD）在接收到方块或库存更新时会改变其信号。,,,,,,,,,,,,,,,Detector de Updates de Dato (Detector de Updates de Comparadores),
general,dir,,Directional,,"A contraption is said to be directional if it exhibits a different behavior when rotated or mirrored. This is usually caused by some internal component being directional itself, which in turn is most often caused by update order: each components notifies its neighbors of the update in a set order (for example, negative to positive z first, then negative to positive y, then x). There are also other causes of directionality.",,,方向性,如果一个装置在旋转或镜像时表现出不同的行为，则称其为方向性的。这通常是由于某些内部组件本身具有方向性，而方向性最常见的原因是更新顺序：每个组件按固定顺序（例如，先从负Z到正Z，再从负Y到正Y，然后是X）通知其邻居进行更新。此外，也存在其他导致方向性的原因。,,,,,,,,,,,,,,,Direccional,
general,,,Down Acceleration,,,,,下弹,,,,,,,,,,,,,,,,Aceleración hacia abajo,
general,,,Drops (aka Item Drops),,,,,掉落物,,,,,,,,,,,,,,,,Drops,
general,DPH,,Drops Per Hour,,,,,掉落物每小时,,,,,,,,,,,,,,,,Drops por Hora,
general,,,Dust Updateless,,"Some contraptions are not Dustless, but the dust they use does not get updated (does not change ss). This can be because it is either used to steadily power a component, or because it's used by redirecting it, but not changing ss. Redirecting dust is really lag friendly, as lag usage goes. These terms are therefore often used interchangeably.",,,无红石粉能量变化;无粉(广义),一些装置不是无粉的，但其中的粉不会发出方块更新和改变信号值。,,,,,,,,,,,,,,,Sin actualizaciones de polvo de redstone,
general,DL,,Dustless,,"Usually refers to dust update-less contraption, but it can also be used to state the absence of redstone dust within a contraption.",,,无粉(狭义),通常指无红石粉更新的装置，但也可用于表示装置内完全不含红石粉。,,,,,,,,,,,,,,,Sin polvo de redstone,
general,,,Dropper Line,,A line of droppers to transport items fast.,,,投掷器链,用投掷器快速传输物品的装置。,,,,,,,,,,,,,,,Línea de Droppers,
general,,,Dynamic,,,,,动态的,,,,,,,,,,,,,,,,Dinámico,
general,,,Efficiency,synonym:Return Rate,"Usually refers to how efficient a contraption is utilised, like the area efficiency of an ice farm.",,,利用率,描述一个自动农场的高效度。,,,,,,,,,,,,,,,Eficiencia,
general,,,Efficiency (aka Return Rate),,"Usually refers to the ratio of item collected with to the actual produced item. As an example for blast chambers, it can be written as 99.6% efficiency.",,,回收率,描述产物的有效回收率，如爆炸室的回收率可被称为99.6%*,,,,,,,,,,,,,,,Eficiencia (fracción/ratio de retorno),
general,,,Enderman,,,,,末影人/小黑,,,,,,,,,,,,,,,,Enderman,
general,,,Entity Loaded,,,,,强加载,该区域内实体被加载。,,,,,,,,,,,,,,,Entidades Cargadas,
general,,,Entity Processing,,As an adjective,,,强加载的,该区域内实体行为被计算。,,,,,,,,,,,,,,,Procesa Entidades,
general,EU,,Entity Update,,,,,实体运算/实体更新,实体的tick函数被调用。,,,,,,,,,,,,,,,Actualización de Entidades,
general,XP,,Experience,,,,,经验,奖励进度机制，通过击杀怪物/交易/采集方块获得。可以用于附魔/修复工具等。,,,,,,,,,,,,,,,Experiencia,
general,,,Falling Block,,,,,落沙/落沙实体/下落方块,坠落中的重力方块的实体。,,,,,,,,,,,,,,,Falling Block,
general,,,Farm,,Machines for the production of resources in particular,,,农场,自动化产出资源的机器。,,,,,,,,,,,,,,,Granja,
general,FTL,,Faster Than Light,,Usually refers to pearl cannon where the pearl transports faster than the speed of light.,,,FTL,常形容珍珠速度超过光速的珍珠炮。,,,,,,,,,,,,,,,Más rápido que la luz,
general,,,Filtered,,,,,分类的,,,,,,,,,,,,,,,,Filtrado,
general,FM,,Flying Machine,,,,,飞行器,,,,,,,,,,,,,,,,Máquina Voladora,
general,,,Force Load,,,,,强制加载,该区域被强制加载，尽管不符合被加载的常见条件。,,,,,,,,,,,,,,,Carga forzada,
general,FPS,,Frames Per Second,,"A measure of how many frames a client is able to process each second. This is similar to, but independent of TPS, which denotes server-side performance.",,,帧率,描述客户端每秒可以处理并展示的画面数。类似但不同于TPS。后者用于衡量服务器性能。,,,,,,,,,,,,,,,Frames por segundo,
general,gt,,Game Tick (aka Tick),,"Minecraft iteratively runs its processing code in a loop. One cycle of this loop is called a Tick or Gametick (gt). Gameticks are also used as the default measurement of time while working with redstone. The game attempts to run 20 gameticks a second (20tps), but will fail to do so and slow down the game if the server is lagging (>50mspt). ",,,游戏刻,Minecraft循环执行其代码。其中一轮循环被称为一个游戏刻。,,,,,,,,,,,,,,,Game Tick,
general,HOTV,,Hero of the Village,,A status effect granted to the player upon defeating a raid.,,,村庄英雄,击败袭击后得到此效果。,,,,,,,,,,,,,,,Héroe de la Aldea,
general,HS,,Honey Slime,,Honey and slime blocks,,,蜜绿,蜂蜜块和粘液块。,,,,,,,,,,,,,,,Honey Slime (Bloque de miel y Slime),
general,,,Hopper Line,,,,,漏斗链,漏斗组成的，传输物品的传输链。,,,,,,,,,,,,,,,Línea de Hoppers,
general,,,Hostile Mob Switch,,,,,敌对生物伪和平/伪和平,通过刻意填充纬度中的怪物上限以达到类似“和平模式”（无怪物生成）的装置。,,,,,,,,,,,,,,,Mobswitch de Mobs Hostiles,
general,,,Hostile Mobs,,,,,敌对生物,会试图主动攻击玩家的实体。,,,,,,,,,,,,,,,Mobs Hostiles,
general,,,Hunger level,,,,,饥饿值,,,,,,,,,,,,,,,,Nivel de Hambre,
general,,,Hybrid,,,,,复合的,,,,,,,,,,,,,,,,Híbrido,
general,,,Ice Highway,,,,,冰道,由冰组成的，可以快速运输实体的道路。,,,,,,,,,,,,,,,Autopista de Hielo,
general,,,Instant,,,,,即时(瞬时),事件B直接在事件A的调用堆栈中被引发。,,,,,,,,,,,,,,,Instantáneo,
general,,,Instant Wire,,Refers to a contraption or wiring that can send signal instantly,,,瞬时线路,指可以瞬时快速传递信号的装置。,,,,,,,,,,,,,,,Cable (Wire) instantáneo,
general,,,Invisible chunks(I),,1.12.2,,,隐形区块,,,,,,,,,,,,,,,,Chunks Invisibles,
general,,,Item Drops (aka Drops),,,,,掉落物,世界空间中的物品实体。,,,,,,,,,,,,,,,Drops,
general,,,Item Shadowing ,,,,,物品分身,,,,,,,,,,,,,,,,,
general,,,Job Site Block (aka Workstation),,Any block that a player or villager can use to produce items.,,,（村民）工作站,,,,,,,,,,,,,,,,Mesa de trabajo,
general,,,Layout,,,,,架构,方块的有效排列组合*,,,,,,,,,,,,,,,Layout,
general,,,Lazy Link,,,,,弱链接,从弱加载的载具中被取出的乘客与载具保持弱链接关系。,,,,,,,,,,,,,,,Linkeo en Lazy,
general,,,Lazy Load,,,,,弱加载,该区域的实体不运算，方块行为照常运算。,,,,,,,,,,,,,,,Carga en Lazy,
general,,,Leafstone,,Refers to a method of sending signal or update through the state change of leaves.,,,树电,利用树叶的状态改变传递信号的行为。,,,,,,,,,,,,,,,Leafstone (Mecanismos con hojas y troncos),
general,,,Light Suppression ,,,,,光照抑制,,,,,,,,,,,,,,,,,
general,LUD,,Liquid Update Detector,,"Refers to a device that uses liquids to detect a special set of updates, some of which can be detected with a Block Update Detector, with a Comparator Update Detector or with an observer, but some of which are exclusively detected by LUDs. After detecting the update and triggering, it usually resets the liquid to a state where it can detect an update again.",,,流体更新检测器,使用流体检测更新的装置，如邻居更新，形状更新和比较器更新。,,,,,,,,,,,,,,,Detector de Actualizaciones de Líquidos,
general,loc,,Locational,,A contraption is said to be locational when it exhibits different behavior when built in different locations in the world. This is almost always caused by redstone dust updates themselves being locational: the way they notify their neighbors of their updates is not consistent across locations in the world. It is also sometimes caused by the updates sent from removal of slime structure when pushing or pulling the structure with pistons.,,,位置性,一个在不同位置表现不同的装置被称为位置性，常由位置的哈希值影响。该现象在方块实体运算顺序，粉更新顺序，粘液块结构移动顺序等中体现。,,,,,,,,,,,,,,,Locacional,
general,,,MicroTiming,,,,,微时序,一个游戏刻内发生的事件的顺序被称为微时序。,,,,,,,,,,,,,,,Microtiming (Timings entre Fases del Tick),
general,MSPT,,Milliseconds Per Tick,,"A measurement of how many milliseconds it takes to process each gametick. If a server exceeds 50MSPT in total, then the game will slow down, as there is no longer enough time to process all 20 ticks per second. MSPT is also used as a measure of how performance-intensive a contraption is by seeing how much the MSPT increases by running/loading it.",,,MSPT,“毫秒每刻”用于衡量一游戏刻计算耗时的单位。当MSPT超过50时服务器将无法维持在20TPS。它同被用于衡量一台机器在被加载/运行时可以给服务器添加的负担。*,,,,,,,,,,,,,,,Milisegundos por Tick,
general,,,Mixed,,,,,混杂的,,,,,,,,,,,,,,,,Mezclado,
general,,,Momentum,,,,,动量*,实体在它运动方向上保持运动的趋势,,,,,,,,,,,,,,,Momento,
general,,,Motion,,,,,动量,"实体在它运动方向上，3个轴分别保持的趋势，由一个三维数组[x,y,z]描述。*",,,,,,,,,,,,,,,Movimiento,
general,,,Moving Piston (aka Block 36),,,,,移动中的方块,该方块由活塞生成，活塞推动/拉回路径上的方块均被转换为它以播放移动动画和处理动态碰撞箱等。,,,,,,,,,,,,,,,Pistón Moviéndose (B36),
general,NC,,Neighbor Change,,,,,方块更新,邻居更新，用于通知邻近方块更具周围的环境进行自身行为检测。,,,,,,,,,,,,,,,Neighbor Change,
general,,,Nether,,,,,下界/地狱,一个维度，与主世界的坐标成8倍缩放关系（仅x和z轴）,,,,,,,,,,,,,,,Nether,
general,,,Nether Transportation,,,,,地狱交通,位于地狱的交通路线，可以利用和主世界的坐标缩放高效地移动。,,,,,,,,,,,,,,,Transporte en el Nether,
general,,,Nether Tree,,Refers to huge fungus.,,,巨型下界菌/地狱菌,,,,,,,,,,,,,,,,Árbol del Nether,
general,NU/AT,,Network Update/Async Task,,,,,网络流更新/异步线程/玩家操作更新,执行从玩家收到的网络包提供的操作。,,,,,,,,,,,,,,,Actualización de Red / Tarea Asíncrona,
general,,,Neutral mobs,,,,,中立生物,该生物不会主动攻击玩家，除非被玩家伤害。,,,,,,,,,,,,,,,Mobs Neutrales,
general,NTE,,Next Tick Entry(aka Tile Tick),,,,,计划刻阶段,游戏刻内的该阶段统一顺序地处理方块计划刻和流体计划刻,,,,,,,,,,,,,,,Siguiente entrada (en la lista de) de Tick,
general,,,Passive mob switch,,,,,友好生物伪和平,同怪物伪和平，但针对友好生物。,,,,,,,,,,,,,,,Mobswitch de Mobs Pasivos,
general,,,Passive mobs,,,,,友好生物,该生物不会对玩家造成伤害，尽管主动玩家攻击它。,,,,,,,,,,,,,,,Mobs Pasivos,
general,Peri,,Perimeter,,,,,空置域,该片区域内的所有自然生成方块/结构均被摧毁。仅剩下人为在基岩层附近铺设的方块层，基岩，或者完全没有。,,,,,,,,,,,,,,,Perímetro,
general,,,Pistonless,,Used to tag contraptions that makes no use of pistons.,,,无活塞的,此装置内没有活塞。,,,,,,,,,,,,,,,Sin Pistones,
general,,,Playerless,,Adjective. Usually to describe a contraption that does not require player existence to operate.,,,无玩家,此装置无需玩家即可运行。,,,,,,,,,,,,,,,Sin jugadores,
general,POI,,Point Of Interest,,,,,兴趣点,一个被专门记录以便快捷高效地搜寻的位置。村民工作站，地狱门方块，避雷针等均携带兴趣点。,,,,,,,,,,,,,,,Punto de Interés,
general,,,Position,,,,,坐标,"一个三维数组[x,y,z]。*",,,,,,,,,,,,,,,Posición,
general,PP,,Post Placement (aka Shape Update),,,,,形状更新/状态更新,形状更新，用于通知邻近方块更具周围的环境改变自身形状。,,,,,,,,,,,,,,,Post-Colocado,
general,,,Projectile,,,,,弹射物/飞行物/投掷物,,,,,,,,,,,,,,,,Proyectil,
general,,,Pulse,,Usually refers to a redstone signal turning on and off once.,,,脉冲,红石信号的一次亮灭通常被称为脉冲。,,,,,,,,,,,,,,,Pulso,
general,QC,,Quasi Connectivity,,"The effect of quasi-powering a piston, dropper or dispenser. A good way to visualize when a block is being quasi-powering is to imagine a redstone lamp above the component. If that lamp was to be on in that location, the block is quasi-powered. Quasi-powering usually doesn't update the component being QCed, which results in the component not ""realizing"" it should activate or deactivate until it receives an update. For this reason, QC is often used for Block Update Detector, and people even sometimes say ""BUD powered"" rather than ""quasi powered"".",,,半连接性,指 活塞，发射器，投掷器 除了以自身是否被充能为激活条件外，还会检测自身上方一格是否被充能 的特性。,,,,,,,,,,,,,,,Quasiconectividad,
general,,,Random Tick & Climate (RTC),,,,,随机刻和气候,区块刻阶段中随机抽取方块执行随机刻逻辑以及放置雪等天气产物的阶段。,,,,,,,,,,,,,,,Random Ticks y Clima,
general,,,Rates,,Usually refers to the speed or amount of item drops of a contraption.,,,效率,常描述产出产物的效率。,,,,,,,,,,,,,,,Producción,
general,rt,,Redstone Tick,,,,,红石刻,历史遗留的歧义称呼。曾经的玩家将2游戏刻称为1红石刻。在基岩版中，该词汇形容每间隔1普通游戏刻才出现的，处理红石系统的特殊游戏刻。这个词的使用正在减少。*,,,,,,,,,,,,,,,Redstone Tick,
general,,,Reload Detection/Detector,,,,,重载检测/检测器,,,,,,,,,,,,,,,,Detector de Recargas,
general,RD,,Render Distance,,,,,视距,客户端渲染距离玩家的区块的最大距离。,,,,,,,,,,,,,,,Distancia de Renderizado,
general,,,Return Rate (aka Efficiency),,"Usually refers to the ratio of item collected with to the actual produced item. As an example for blast chambers, it can be written as 99.6% efficiency.",,,回收率,衡量多少产物可被有效地收集。,,,,,,,,,,,,,,,Tasa de retorno,
general,,,Safe,,,,,安全的,,,,,,,,,,,,,,,,Seguro,
general,,,Saturation level,,,,,饱和度,,,,,,,,,,,,,,,,Nivel de Saturación,
general,,,Scheduled Tick (aka Tile Tick),,,,,计划刻,指游戏中为特定方块安排的延迟执行任务。,,,,,,,,,,,,,,,Schedule Tick (Tile Tick),
general,Schem,,Schematic,,Litematica mod schematic,,,投影/原理图,一种nbt格式文件，记录一定区间内的方块排列。可被投影模组等读取,,,,,,,,,,,,,,,Schematic (Litematic),
general,,,Seed,,,,,种子,常指一个数字，它决定随机数生成的结果。拥有同样种子的随机数生成器会提供相同的结果。,,,,,,,,,,,,,,,Semilla,
general,,,Self-Returning,,,,,自返回,,,,,,,,,,,,,,,,Auto-Retorno,
general,Self-Sus,,Self-Sustaining,,Adjective. Usually used to describe farms that produces bone meal (usually by composting excess foliage) to sustain the bone meal consumption.,,,自循环,,,,,,,,,,,,,,,,Auto-Sostenible,
general,,,Shape Update(aka Post Placement),,,,,形状更新/状态更新,,,,,,,,,,,,,,,,Shape Update,
general,,,Side Acceleration,,,,,侧弹,,,,,,,,,,,,,,,,Aceleración lateral,
general,SS,,Signal Strength,,,,,信号强度,,,,,,,,,,,,,,,,Signal Strength,
general,SSI,,Signal Strength Isolated,,,,,信号隔离,,,,,,,,,,,,,,,,Signal Strength Aislada,
general,,,Simulation distance,,,,,模拟距离,,,,,,,,,,,,,,,,Distancia de Simulado,
general,,,Size/Dimension,,,,,体积,,,,,,,,,,,,,,,,Tamaño/Dimensiones,
general,,,Skeleton,,,,,骷髅/小白,,,,,,,,,,,,,,,,Esqueleto,
general,,,Slice,,A repeatable (preferably tileable ) component within a system.,,,单片,,,,,,,,,,,,,,,,Slice,
general,,,Slime-less,,Adjective. Usually refers to the absence of slime ball and slime blocks of a contraption.,,,无粘,,,,,,,,,,,,,,,,Sin Bloques de Slime,
general,,,Slimestone,,Flying machine related technology.,,,绿萌,,,,,,,,,,,,,,,,Slimestone,
general,,,Smart Piston,,Usually referred to a piston that automatically extends when a block is placed in front of it,,,自行活塞,一般指当面前有方块被放置就会自动伸出的活塞,,,,,,,,,,,,,,,Piston Inteligente,
general,,,Smooth Wall,,,,,平墙,,,,,,,,,,,,,,,,Pared Plana,
general,,,Solid State,,"Used to tag a contraption that has no moving parts or, more loosely, that has no pistons spitting blocks, or other forms of Toggle state. This term is also sometimes interchangeably used with Pistonless, although you can have a solid state contraption (in the loose way) with pistons by having them never spit out the block, i.e. powering them with long pulses only.",,,静态结构*,,,,,,,,,,,,,,,,Estado Sólido,
general,,,Sorter,,,,,分类器,,,,,,,,,,,,,,,,Clasificador,
general,,,Spawning Chamber,,,,,生成室,,,,,,,,,,,,,,,,Cámara de Spawneo,
general,,,Spawning Potential,,,,,刷怪势能/生成势,,,,,,,,,,,,,,,,Potencial de Spawneo,
general,,,Splitter,,,,,分流,,,,,,,,,,,,,,,,Divisor,
general,,,Stack,,"Refers to a pile of entities, such as items or mobs",,,堆,,,,,,,,,,,,,,,,Stack,
general,,,Sub Chunk,,,,,子区块,,,,,,,,,,,,,,,,Sub Chunk,
general,,,Sync,,,,,同步,,,,,,,,,,,,,,,,Síncrono,
general,,,Terrain Height,,,,,地形高度,,,,,,,,,,,,,,,,Altura del Terreno,
general,t,,Tick (aka Game Tick),,"Minecraft iteratively runs its processing code in a loop. One cycle of this loop is called a Tick or Gametick (gt). Gameticks are also used as the default measurement of time while working with redstone. The game attempts to run 20 gameticks a second (20tps), but will fail to do so and slow down the game if the server is lagging (>50mspt). ",,,游戏刻,同游戏刻（GameTick）,,,,,,,,,,,,,,,Tick,
general,TPS,,Ticks Per Second,,"A measurement of how many gameticks are happening each second. The game normally operates at 20TPS, but if MSPT exceeds 50ms then the game will start to slow down. Mods such as Carpet Mod are able to stop, slow down, or speed up the tick speed of a server, which can be useful for testing.",,,TPS,游戏每秒执行的游戏刻的数量。,,,,,,,,,,,,,,,Ticks por Segundo,
general,TE,,Tile Entity (aka Block Entity),,,,,方块实体,同BlockEntity,,,,,,,,,,,,,,,Tile Entity,
general,TES,,Tile Entity Swap ,,,,,方块实体替换,,,,,,,,,,,,,,,,,
general,TEUD,,Tile Entity Update Detector (aka Comparator Update Detector),,"Refers to a comparator that will change its signal once it either receives a block or inventory update. It is based on the behavior inherent to comparators where they don't notice inventory changes when reading it through a solid block (including an inventory being moved away or put in place, like a composter being moved by a piston). The CUD will then change it's signal once it either receives a block or inventory update.",,,方块实体更新检测器,,,,,,,,,,,,,,,,Detector de Updates de Tile Entities (Detector de Updates de Comparadores),
general,TT,,Tile Tick (aka Block Tick),,,,,计划刻,指游戏中为特定方块安排的延迟执行任务。,,,,,,,,,,,,,,,Tile Tick,
general,TTP,,Tile Tick Priority,,,,,计划刻优先级,,,,,,,,,,,,,,,,Prioridad de Tile Ticks,
general,,,Tileable,,,,,可堆叠/拼接的,,,,,,,,,,,,,,,,Tileable,
general,,,TNT Duping,,,,,TNT复制,,,,,,,,,,,,,,,,Duplicación de TNT,
general,,,TNT Looting,,,,,TNT掠夺,,,,,,,,,,,,,,,,Looting con TNT,
general,,,Up Acceleration,,,,,上弹,,,,,,,,,,,,,,,,Aceleración hacia arriba,
general,,,Update Order,,,,,更新顺序,,,,,,,,,,,,,,,,Orden de Updates,
general,,,Village (V),,,,,村庄运算,,,,,,,,,,,,,,,,Aldea,
general,,,Void Trading,,"A method that allowed players to trade infinitely by unloading a chunk where a villager is located while its trading window is open, and then making the trade while the villager isn't rendered.",,,虚空交易,,,,,,,,,,,,,,,,Void Trading,
general,,,Wallstone,,Refers to a method of sending signal or update through the shape change of walls.,,,墙电,,,,,,,,,,,,,,,,Wallstone,
general,,,Water stream,,,,,水道,,,,,,,,,,,,,,,,Corriente de agua,
general,,,Wiring,,,,,布线/线路,,,,,,,,,,,,,,,,Cableado (Wiring),
general,Wiske,,Wither Skeleton,,,,,凋灵骷髅,,,,,,,,,,,,,,,,Esqueleto Wither,
general,,,Workstation (aka Job Site Block),,Any block that a player or villager can use to produce items.,,,（村民）工作站,,,,,,,,,,,,,,,,Mesa de trabajo,
general,WDL,,World Download,,,,,存档,,,,,,,,,,,,,,,,Descaga de mundo,
general,WTU,,World Time Update,,,,,世界时间更新,,,,,,,,,,,,,,,,Actualización de World Time,
general,,\d+\s*-?\s*[Cc]ore\b,X Core,,"Usually refers to a contraption with X amount of cores, such as dual-core, tri-core etc.",,,X 核,,,,,,,,,,,,,,,,X Core,
general,{count}t,\d+\s*-?\s*(?:game\s+)?tick\b,{count} tick,,{count} amount of game ticks.,,,{count} t,,,,,,,,,,,,,,,,{count} tick,
general,{count}wABt,\d+\s*-?\s*[Ww]ide\s+AB\s+[Tt]ileable\b,{count}-Wide AB Tileable,,"An extension of {count}-Wide tileable, but where a solution has been provided by the author on how to put 2 Slices of the same system next to each other, by moving/editing some components within the system. The capital letters ( AB, or ABC, or ABCD, ... ) annotate how the slices are tiled, and how many versions of the slice exist to achieve a result.",,,{count}宽AB堆叠,,,,,,,,,,,,,,,,"X de Ancho, AB Tileable",
general,{count}wt,\d+\s*-?\s*[Ww]ide\s+[Tt]ileable\b,{count}-Wide Tileable,,"Annotates the width of a slice, and whether or not you can build them right next to each other. There are systems that are 1 wide, but you can't put 2 next to each other due to Crosstalk, so they don't get this annotation. Sometimes they are {count}-Wide AB Tileable instead.",,,{count}宽堆叠,,,,,,,,,,,,,,,,"X de Ancho, Tileable",
general; storage,,,Item Sorter,,Storage tech term.,,,物品分类,,,,,,,,,,,,,,,,Clasificador de Items,
general; storage,ST,,Storage Tech,,"Storage Technology, usually referred to item sorting and storage systems",,,储电/储存电路,,,,,,,,,,,,,,,,Storage Tech (Tecnologías de Almacenes),
general; tree_farm,,,QC Detection,,"Tree farming term. Refers to a method of detecting tree growth by QC powering the bottom log and updating a piston below the dirt, which extends when a tree grows, thus activating the farm.",,,QC检测,树场述语，指利用充能树木根部并利用其形成的QC状态检测树苗是否长大。,,,,,,,,,,,,,,,Detección con Cuasiconectividad (QC),
glitch,,,Cast (Update) Suppression (aka CCE Suppression/Shulker Suppression) ,,"Refers to a type of update suppression/suppressor based on CCE that is state-less and does not require reset, broken in ≥1.20.2. This can be achieved by using Tile Entity Swap to make a shulker box have a tile entity that is not a container, and make a comparator read from the box. Updating the comparator (with Block Update or Comparator Update) will make the box attempt to treat the non-container tile entity as container tile entity to calculate output, which then throws a CCE. The suppressor can also be toggled by powering the comparator. ",,,强制类型转换更新抑制/强转更新抑制 ,指基于CCE的没有状态、不需要重置的更新抑制，在≥1.20.2已失效。如利用方块实体替换，让一个潜影盒拥有一个非容器的方块实体，并且让一个比较器读取潜影盒的输出。更新该比较器（以方块更新或比较器更新）会使潜影盒尝试将非容器方块实体当作容器方块实体计算输出，然后就抛CCE异常了。充能比较器可以开关该抑制器。,,,,,,,,,,,,,,,,
glitch,,,CCE Box ,,,,,魔法盒/魔盒,,,,,,,,,,,,,,,,,
glitch,,,CCE Suppression (aka Cast (Update) Suppression/Shulker Suppression) ,,"Refers to a type of update suppression/suppressor based on CCE that is state-less and does not require reset, broken in ≥1.20.2. This can be achieved by using Tile Entity Swap to make a shulker box have a tile entity that is not a container, and make a comparator read from the box. Updating the comparator (with Block Update or Comparator Update) will make the box attempt to treat the non-container tile entity as container tile entity to calculate output, which then throws a CCE. The suppressor can also be toggled by powering the comparator. ",,,强制类型转换更新抑制/强转更新抑制 ,指基于CCE的没有状态、不需要重置的更新抑制，在≥1.20.2已失效。如利用方块实体替换，让一个潜影盒拥有一个非容器的方块实体，并且让一个比较器读取潜影盒的输出。更新该比较器（方块更新或比较器更新）会使潜影盒尝试将非容器方块实体当作容器方块实体计算输出，然后就抛CCE异常了。充能比较器可以开关该抑制器。,,,,,,,,,,,,,,,,
glitch,,,OOM (Update) Suppression,,Short for OutOfMemory Suppression. A type of update suppression by filling up the memory and causing an OOM error. ,,,内存溢出更新抑制 ,通过填满内存，让游戏抛出内存溢出异常的更新抑制方式。,,,,,,,,,,,,,,,,
glitch,,,Shulker Suppression (aka Cast (Update) Suppression/CCE Suppression) ,,"Refers to a type of update suppression/suppressor based on CCE that is state-less and does not require reset, broken in ≥1.20.2. This can be achieved by using Tile Entity Swap to make a shulker box have a tile entity that is not a container, and make a comparator read from the box. Updating the comparator (with Block Update or Comparator Update) will make the box attempt to treat the non-container tile entity as container tile entity to calculate output, which then throws a CCE. The suppressor can also be toggled by powering the comparator. ",,,强制类型转换更新抑制/强转更新抑制 ,指基于CCE的没有状态、不需要重置的更新抑制，在≥1.20.2已失效。如利用方块实体替换，让一个潜影盒拥有一个非容器的方块实体，并且让一个比较器读取潜影盒的输出。更新该比较器（方块更新或比较器更新）会使潜影盒尝试将非容器方块实体当作容器方块实体计算输出，然后就抛CCE异常了。充能比较器可以开关该抑制器。,,,,,,,,,,,,,,,,
glitch,,,Sound Suppression/Suppressor ,,"A type of suppression that suppresses game events on a specific channel within a 16 block radius. Can be used for update suppression, block protection, and item shadowing. Works in version 1.20-1.21.0 but will break on reload before 1.20.2. Sound suppressors rely on a TES between a calibrated sculk sensor and another tile entity which has at least 4 orientations (sculk sensor data goes into other block entity). The data of the sculk sensor will still actively listen for game events, but when it detects one, it will attempt to set the block state “sculk sensor phase” to “cooldown”, which will cause an exception (IAE) because only sculk sensors have this block state.",,,声音抑制/抑制器 ,,,,,,,,,,,,,,,,,
glitch,,,Stack Overflow (Update) Suppression ,,,,,栈溢出更新抑制 ,是利用方块更新的大量传播填满栈，让游戏抛出栈溢出异常来实现更新抑制的方法。在≥1.19已失效。,,,,,,,,,,,,,,,,
mechanical,DPE,,Double Piston Extender,,,,,二次递推/递归,,,,,,,,,,,,,,,,Doble Extensor de Pistones,
mechanical,,,Folding DPE,,"A double piston extender that pushes another sticky piston in from the side, usually used in 0-tick redstone contraptions to move blocks over two blocks as fast as possible.",,,折叠二递推,,,,,,,,,,,,,,,,Doble Extensor de Pistones Retraíble,
mechanical,TPE,,Triple Piston Extender,,,,,三次递推/递归,,,,,,,,,,,,,,,,Triple extensor de pistones,
mob_farm,,,Boat Capturing,,Refers the act of capturing entities with boats for further processing.,,,船吸,船吸。指使用船捕获实体以处理的行为。,,,,,,,,,,,,,,,Captura con barcas,
mob_farm,,,Boat Looting,,Refers to a mob killing method by capturing the mobs with boats to remove from mob cap and killing afterwards.,,,船吸掠夺,指通过用船捕获生物以移除其对生物上限的占用，随后进行击杀的掠夺方法。,,,,,,,,,,,,,,,Looting con barcas,
mob_farm,BM,,Bone Meal,,Plant fertilizer.,,,骨粉,植物催熟,,,,,,,,,,,,,,,Polvo de hueso,
mob_farm,,,Bortal,,,,,船吸双维度,指结合船吸跨维度传输实体以进行处理的行为。,,,,,,,,,,,,,,,Bortal (Barca + Portal),
mob_farm,,,Corner Portal,,Refers to the nether portal setup where entities passing through ends up in lazy chunk.,,,角落门*,一种让通过的实体出现在弱加载区块的特殊地狱门放置。,,,,,,,,,,,,,,,Corner Portal (técnica de looting),
mob_farm,,,Despawn Looting,,,,,消失掠夺,,,,,,,,,,,,,,,,Despawn Looting,
mob_farm,,,Ghast Looting,,,,,恶魂掠夺,使用恶魂火球进行掠夺操作的行为。,,,,,,,,,,,,,,,Looting con Ghasts,
mob_farm,,,Killing Chamber,,,,,击杀室,实体在该舱室内被杀死，其掉落物被收集。,,,,,,,,,,,,,,,Killing Chamber,
mob_farm,,,Lazy Looting,,,,,弱加载掠夺,实体在弱加载区域击杀与掠夺实体的行为。,,,,,,,,,,,,,,,Looting con Lazy chunks,
mob_farm,,,Pack Spawning,,,,,刷怪游走,,,,,,,,,,,,,,,,Spawneo en Manada,
other,,,Aligner,,,,,（实体）对正装置/矫正装置/矫正器/校准器,用于将实体在空间中对齐的装置,,,,,,,,,,,,,,,Alineador,
other,,,BUD Line,,,,,BUD链,使用BUD特性快速传递方块更新/信号的装置。,,,,,,,,,,,,,,,BUD Line,
other,,,Color Swapping/Swapper,,A contraption or feature of a gravity block duper that can swap out the duped gravity blocks.,,,换色,在重力方块复制机中切换复制目标的功能。,,,,,,,,,,,,,,,Intercambiador de colores,
other,,,Float Alignment,,,,,浮点数对齐,将实体以浮点数为基准高精度对齐。,,,,,,,,,,,,,,,Alineamiento “float” (el tipo de dato en programación),
other,,,High Precision Entity Alignment,,,,,高精度实体对齐,高精度地控制实体坐标。,,,,,,,,,,,,,,,Alineamiento de entidades de alta precisión,
other,,,InfiniOmen (aka OmenInfinitum),,"Raid farming term. Refers to a 1.21.5+ bug, where the Bad Omen effect remains after transforming into Raid Omen, and triggering the Raid Omen effect for free every 30 seconds within the 100-minute duration of the Bad Omen effect.",,,无限袭击之兆,袭击术语。指一个1.21.5的漏洞，即在不祥之兆转化为袭击之兆后并没有消失，在效果持续的 100 分钟内，每 30 秒即可免费制造一次袭击之兆。,,,,,,,,,,,,,,,Infiniomen,
other,,,OmenInfinitum (aka infiniOmen),,"Raid farming term. Refers to a 1.21.5+ bug, where the Bad Omen effect remains after transforming into Raid Omen, and triggering the Raid Omen effect for free every 30 seconds within the 100-minute duration of the Bad Omen effect.",,,无限袭击之兆,袭击术语。指一个1.21.5的漏洞，即在不祥之兆转化为袭击之兆后并没有消失，在效果持续的 100 分钟内，每 30 秒即可免费制造一次袭击之兆。,,,,,,,,,,,,,,,OmenInfinitum,
other,OSS,,Overstacked Signal Strength (aka High Signal Strength),,,,,强模,可由比较器读出与传递的，信号强度超过15的非法信号。,,,,,,,,,,,,,,,Sobrecarga de Signal Strength,
other,,,Perfect Aligner (aka 4D Aligner),,"Refers to a contraption that aligns items in all three axes before sending them down a stream, where they usually get picked up by hoppers. Since these contraptions are usually ran at Hopper speed, the items need to have a perfect timing between them, so that they don't reach a hopper during its cooldown stage, hence why these are also called 4D aligners (3D+time).",,,完全矫正器*,,,,,,,,,,,,,,,,"Alineador Perfecto, (4D (x, y, z, tiempo))",
other,,,Pod,,Usually refers to the amount of villagers in groups of 3 in an iron farm.,,,核,通常指刷铁机内村民组（3个为一组）的数量。,,,,,,,,,,,,,,,Cápsula,
other,,,Raid Shifting,,Raid farming term.,,,袭击迁移,,,,,,,,,,,,,,,,Desplazamiento de Raids,
other,,,Raid Stacking,,Raid farming term.,,,袭击堆叠,,,,,,,,,,,,,,,,Stackeo de Raids,
other,,,Stationary POI,,Raid farming term.,,,静态兴趣点,,,,,,,,,,,,,,,,Punto de Interés estacionario,
other,,,Supressor Arm ,,,,,BUD链,,,,,,,,,,,,,,,,,
other,,,Workstation Forcing,,Raid farming term.,,,可控认领/可控村民就职,,,,,,,,,,,,,,,,Forzado de mesa de trabajo,
other,,,B36 TNT,,Refers to a blast chamber component that shields item entities from explosion damage by enclosing the TNT entity into a moving block.,,,推爆,指爆炸室中的一种组件，通过将TNT实体封闭在移动方块中，保护物品实体免受爆炸伤害。,,,,,,,,,,,,,,,TNT en B36,
other,,,Blast Chamber,,,,,爆炸室,使用爆炸摧毁方块的舱室,,,,,,,,,,,,,,,Blast Chamber,
other,,,Obsidian Condom Blast Chamber,,,,,奶爆/纯牛奶爆炸室,指一种利用爆炸射线从方块边缘泄漏的特性制造的，可以有效保护掉落物安全的爆炸室,,,,,,,,,,,,,,,Blast Chamber con Condón de Obsidiana,
other,,,(TNT) Basket,,Cannon term. Usually refers to a place where you align TNT or other propellant so that it can explode and apply motion to something else.,,,炮口,大炮术语。通常指一个用于放置TNT或其他推进剂的装置，使其爆炸并推动其他物体。,,,,,,,,,,,,,,,Cesta (de TNT),
other,,,Lazy Acceleration,,Refers to a method of entity acceleration where entities are accelerated by explosions or collisions while remaining in lazy chunks.,,,弱加载蓄力,使用爆炸等手段向弱加载的实体施加动量的行为。,,,,,,,,,,,,,,,Aceleración en Lazy,
other,,,Propellant,,Mostly used in cannons,,,推进剂,,,,,,,,,,,,,,,,Comburente,
other,,,,,Can also be referred to as the phenomenon of collision checking along axes in entity movement based on Entity.move().,,,沿轴运动/沿轴移动,,,,,,,,,,,,,,,,,
other; storage,HSS,,High Signal Strength (aka Overstacked Signal Strength),,Storage tech term.,,,强模,可由比较器读出与传递的，信号强度超过15的非法信号。,,,,,,,,,,,,,,,Sobrecarga de Signal Strength,
people,,,ilmango,,,,,芒果/李芒果,,,,,,,,,,,,,,,,ilmango,
slimestone,,,AND-Gate,,Slimestone term. Usually refers to the AND-gate in flying machines.,,,安全连杆,绿萌术语。通常指飞行器中的与门，用于控制多个输入信号的逻辑组合,,,,,,,,,,,,,,,Puerta AND,
slimestone,,,Overhead,,"Slimestone term. Usually used for bedrock breakers, which is the amount of extra space a machine requires to move down a layer. It is usually only 1 number, which means it's the same in all directions, but can be multiple instead, usually 1 for each direction. It's the number of additional blocks that must be broken around the machine's primary breaking pattern to create a hole large enough for the machine to fit.",,,预留,,,,,,,,,,,,,,,,Overhead,
slimestone,,,Return Station,,Slimestone term.,,,返回站,,,,,,,,,,,,,,,,Estación de retorno,
slimestone,,,Trench-less,,Slimestone term. Usually refers to a machine that does not require a trench while the others of the same type usually does.,,,无沟,,,,,,,,,,,,,,,,Sin Trincheras,
storage,,,4D Aligner (aka Perfect Aligner),,"Refers to a contraption that aligns items in all three axes before sending them down a stream, where they usually get picked up by hoppers. Since these contraptions are usually ran at Hopper speed, the items need to have a perfect timing between them, so that they don't reach a hopper during its cooldown stage, hence why these are also called 4D aligners (3D+time).",,,四维矫正器*,指一种装置，在将物品送入水流前沿三个轴（X、Y、Z）对其进行对齐，通常由漏斗收集。由于这些装置通常以漏斗速度运行，物品之间需要精确的时间间隔，以避免在漏斗冷却期间到达，因此也被称为4D对齐器（3D空间+时间）。,,,,,,,,,,,,,,,"Alineador 4D (x, y, z, tiempo)",
storage,,,Accessible,,,,,可访问的,,,,,,,,,,,,,,,,Accesible,
storage,,,Accessible Box Loader,,Storage tech term. Refers to Box Loaders where you can access the box it's loading,,,可访问打包机,储电术语。指一种打包机，允许玩家访问正在装载的潜影盒。,,,,,,,,,,,,,,,Box Loader Accesible,
storage,,,Batcher,,Storage tech term. Refers to a contraption that groups item entities together before periodically releasing them into a waterstream or iceline.,,,聚堆器,储电术语。指一种装置，将物品实体聚集成组，然后定期释放到水流或冰道,,,,,,,,,,,,,,,Agrupador,
storage,,,Blacklister,,Storage tech term.,,,黑名单,储电术语。,,,,,,,,,,,,,,,Blacklister,
storage,,,Blocker,,Storage tech term.,,,"填充物, 占位物",储电术语。指用于限制物品行径或占位的物品。,,,,,,,,,,,,,,,Bloqueador,
storage,,,Blockerless,,Storage tech term.,,,"无填充物的, 无占位物的",无需填充物/占位物的组件*,,,,,,,,,,,,,,,Sin Bloqueador,
storage,,,Box Blacklister,,Storage tech term. Separates boxes based on if the first item of the input box matches an item set.,,,盒子黑名单,储电术语。指根据输入潜影盒的第一个物品是否匹配特定物品集来分离潜影盒的装置。,,,,,,,,,,,,,,,Lista negra de Boxes,
storage,,,Box Comparer,,"Storage tech term. Refers to a contraption that takes two boxes as input, and compares them by signal strength. A Box comparer normally has dedicated outputs for the fuller and less full boxes.",,,盒子容量比较,储电术语。指一种装置，接受两个潜影盒作为输入，通过信号强度比较其填充程度，通常有专用输出用于满载和较少装载的潜影盒。,,,,,,,,,,,,,,,Comparador de Boxes,
storage,,,Box Detection,,Storage tech term. Usually used as a way to tag Loaders and Box Displays that restart themselves when boxes come in and they were previously empty.,,,盒子输入检测/盒子扫描器,储电术语。通常用于标记在潜影盒输入且之前为空时自动重启的打包机或潜影盒展示装置。,,,,,,,,,,,,,,,Detección de Boxes,
storage,,,Box Display,,"Storage tech term. Refers to a contraption that displays a shulker box and has some or all of the following features: a button to dispense a new box, breaking of the box when it empties, automatically dispensing a new box when the old one is broken, storage for new shulker boxes, access to said storage, and some others, like hopper locking and not hiding boxes from the player in inaccessible inventories (called no buffer).",,,盒子展示/箱盒展示/盒展,储电术语。,,,,,,,,,,,,,,,Display de Boxes,
storage,,,Box Grouper,,Storage tech term.,,,盒子分组器,,,,,,,,,,,,,,,,Agrupador de Boxes,
storage,,,Box Loader,,Storage tech term. A contraption that fills a shulkerbox with items and then breaks the shulkerbox.,,,打包机,储电术语。指一种装置，将物品装入潜影盒并随后破坏潜影盒以输出。,,,,,,,,,,,,,,,Loader de Boxes,
storage,,,Box Merger,,"Storage tech term. Refers to a contraption that takes 2 boxes as input, and merges them into one. Mergers can work of mixed boxes, however most mergers assume that both boxes only contain one itemtype and are often used in conjunction with Splitters.",,,潜影盒合并器,储电术语。指一种装置，接受两个潜影盒作为输入，并将它们合并成一个。合并器可处理混合潜影盒，但大多数合并器假设两个潜影盒仅含单一物品类型，常与分盒器配合使用。,,,,,,,,,,,,,,,Unificador,
storage,,,Box Processor,,Storage tech term.,,,潜影盒处理,,,,,,,,,,,,,,,,Procesador de Boxes,
storage,,,Box Separator,,Storage tech term. Refers to a contraption that takes boxes as input and separates them into different outputs based on their contents. This could for example be a contraption that takes single item-type boxes and has different outputs for boxes with 16-stackables and 64-stackables based on their content.,,,盒子分离器,储电术语。指一种装置，接受潜影盒作为输入，并根据其内容将其分离到不同输出。例如，可将单一物品类型的潜影盒根据内容物分为16可堆叠和64可堆叠的潜影盒的输出。,,,,,,,,,,,,,,,Separador de Boxes,
storage,,,Box Sorter,,"Storage tech term. Refers to a contraption that takes in boxes of a single item-type, takes the first item out and assigns the box to a storage Slice that matches the filter of that item.",,,盒子分类,储电术语。指一种装置，接受单一物品类型的潜影盒，取出第一个物品，并将潜影盒分配到与该物品过滤器匹配的存储单片。,,,,,,,,,,,,,,,Clasificador de Boxes,
storage,,,Box Splitter,,Storage tech term. Refers to a contraption that takes a Mixed Box as input and unloads the box into one box per item type.,,,分盒器,储电术语。指一种装置，接受混合潜影盒作为输入，并将其内容卸载为每种物品类型一个潜影盒。,,,,,,,,,,,,,,,Divisor de Boxes,
storage,,,Box Unloader,,Storage tech term. A contraption that removes item contents from a shulkerbox.,,,盒子拆包机/卸货机,储电术语。指一种装置，从潜影盒中移出物品内容。,,,,,,,,,,,,,,,Descargador de Boxes,
storage,,,Box Yeet,,Storage tech term. Refers to destroying a shulker box to unload the items inside.,,,烧包,储电术语。指通过烧毁潜影盒来卸载其内部物品的行为。,,,,,,,,,,,,,,,Yeeter de Boxes,
storage,,,Bufferless,,Storage tech term.,,,无缓存,,,,,,,,,,,,,,,,Sin Buffer,
storage,,,Bulk (Storage),,"Storage tech term. At it's simplest, a bulk storage is just a system that stores a lot of items, usually a single type per module and in box form.",,,大宗,储电术语。指一种存储大量物品的系统，通常每个模块存储单一类型的物品，并以潜影盒形式存储。,,,,,,,,,,,,,,,Almacenamiento en Masa,
storage,,,Cart Based Box Unloader,,,,,矿车盒子拆包机/矿车盒子卸货机,使用漏斗矿车从潜影盒中卸载物品的装置。,,,,,,,,,,,,,,,(Box) Unloader basado en Minecarts,
storage,,,Cart Yeet,,Refers to destroying a minecart to unload the items inside.,,,烧车,通过烧毁矿车来卸载其内部物品的行为。,,,,,,,,,,,,,,,Cart Yeet,
storage,,,Chest Hall,,Specifically for slices,,,全物品单片,全物品中位于同一截面片的，多个独立分类/存储系统组成的单片。,,,,,,,,,,,,,,,Chest Hall (Pasillo de Cofres),
storage,,,Crafter (Box) Loader,,Storage tech term. Refers to Box loaders with crafters in it.,,,合成打包机,带有合成器的打包机,,,,,,,,,,,,,,,Box Loader de Crafter,
storage,,,Crafting Station,,,,,合成站,用于方便大量合成物品的设施。,,,,,,,,,,,,,,,Estación de Crafteo,
storage,,,Decoder,,"A storage tech term. Refers to a contraption that translates code or data to item, like an encoded storage hall, the inverse of an Encoder, or one that translates code into user-readable information, like a display.",,,解码器,储电术语。指一种装置，将代码或数据转换为物品，例如编码存储大厅，与编码器（Encoder）相反，或将代码转换为用户可读的信息，例如展示装置。,,,,,,,,,,,,,,,Decodificador,
storage,,,Deserializer,,"In storage tech, it refers to components used to convert Serial codes into Parallel codes or viceversa. These sometimes also act as Encoders or Decoders, in the computational redstone sense. For example serial hex to parallel binary is a deserializer encoder.",,,串行信号接收器,储电术语。指用于将串行码转换为并行码或反之的组件。在计算红石意义上，这些组件有时也充当编码器或解码器。例如，从串行十六进制到并行二进制的转换属于解串器编码器。,,,,,,,,,,,,,,,Deserializador,
storage,,,Dropper Speed,,"Storage tech term. Similar to Hopper speed, but less frequently used. Refers to the speed at which items are processed in a dropper when clocked at the minimum interval (1 item every 4gt). Usually written as an integer or fraction (e.g. ""3x or 1/2x dropper speed""). 1x Dropper speed is equal to 2x Hopper speed.",,,投掷器速,储电术语。与漏斗速度类似，但使用较少。指投掷器在最小间隔（每4游戏刻处理1个物品）时处理物品的速度。通常以整数或分数表示（例如“3倍或1/2倍投掷器速度”）。1倍投掷器速度等于2倍漏斗速度。,,,,,,,,,,,,,,,Velocidad de Dropper,
storage,,,Encoded,,"Storage tech term. A system is said to be encoded when a signal in the form of a code is used to decide the fate of items or boxes. In broader terms, it refers to systems that use codes to transfer instructions. Codes can be a Binary signal, a Hexadecimal signal or, less often, octal or quaternary, with either multiple or single digits.",,,编码的,,,,,,,,,,,,,,,,Codificado,
storage,,,Encoder,,"Storage tech term. Refers to a contraption that translates items into a code, where code can be any sort of signal in any base (bin, hex, other less used ones) or other codes (block event delay), or a contraption that translates a player input (say a selection panel) into code.",,,编码器,,,,,,,,,,,,,,,,Codificador,
storage,,,Fill (Level) (Box) Sorter,,"Storage tech term. Refers to a Box Separator that has different outputs based on how full the box is, usually Empty / Full / Partial. IsEmpty is a Fill Sorter that only has outputs for empty and not-empty ( Full / Partial ) IsFull is a Fill Sorter that only has outputs for full and not-full ( Empty / Partial )",,,填充度分类器,,,,,,,,,,,,,,,,Clasificador de nivel de llenado,
storage,,,Filtered Loader,,Storage tech term. A Loader combined with an item filter that fills a box with just one item type.,,,分类打包机,,,,,,,,,,,,,,,,(Box) Loader con Filtro,
storage,,,First box placement,,"Storage tech term, refers to a feature of a contraption (usually box unloader or box display) that automatically places the first box.",,,自喷盒,,,,,,,,,,,,,,,,Primera Colocación de (Shulker) Box,
storage,,,Fixed Sorter,,Storage tech term. Short for fixed type item sorter: a sorter that filters out one single item type and can't be changed without manual intervention.,,,固定分类,,,,,,,,,,,,,,,,Clasificador Fijo,
storage,,,Full Item Stack,,A stack of items up to 64 or 16 items depending on item type,,,物品组,一个物品栏槽位内/掉落物实体中，到达堆叠上限的一些物品，如64，16，1。具体上限因物品而异。,,,,,,,,,,,,,,,Stack de Items completo,
storage,,,Full Speed (Box) Loader,,Storage tech term. Box Loader tht loads boxes without pausing during box replacement.,,,满速打包机,,,,,,,,,,,,,,,,Box Loader de máxima velocidad,
storage,FHL,,Fully Hopper-Locked,,,,,漏斗全锁,这个装置内的漏斗在闲置时均被红石充能，上锁。,,,,,,,,,,,,,,,Con Todos los Hoppers Bloqueados,
storage,,,Furnace Array,,,,,熔炉组,用于高效，自动化，并列烧制物品的，由熔炉组成的阵列。,,,,,,,,,,,,,,,Array de Hornos,
storage,,,Global,,"Storage tech term. Annotates that a signal comes from a global system ( a ""brain"" ), not from within a Slice. For example, one global clock could send signals to 8 slices on an interval.",,,全局的,,,,,,,,,,,,,,,,Global,
storage,,,Global Output,,"Storage tech term. Refers to a contraption, usually a 1-wide tileable one, that has only one output for all the Slices, in contrast to one output per slice.",,,全局输出,,,,,,,,,,,,,,,,Salida global,
storage,HS,,Hopper Speed,,"Storage tech term. Refers to the speed at which items are processed in a hopper (1 item every 8gt). Often used as a way of quantifying speed of a system in terms of how many hoppers worth of items are processed in or out. Usually written as an integer or fraction (e.g. ""3x or 1/2x hopper speed"").",,,漏斗速,储电述语，描述漏斗操作物品的速度（8游戏刻/物品）,,,,,,,,,,,,,,,Velocidad de Hopper (9k items/h),
storage,,,Hopper-Locked,,Storage tech term. Used to tag contraptions that lock their hoppers when the hoppers are not needed. This is because hoppers are otherwise very laggy.,,,锁漏斗,储电述语，描述将未使用的漏斗进行上锁以减少卡顿的行为。,,,,,,,,,,,,,,,Hoppers Bloqueados,
storage,,,Hybrid (Box) Loader,,"Refers to Box loader that puts loose items into a chest until the chest fills up, then starts filling shulker boxes with the items.",,,缓存打包机,,,,,,,,,,,,,,,,Loader híbrido (de Shulkers),
storage,,,Item Call,,"Storage tech term. Refers to a device, mechanism or feature that allows the user to request items. The requested items may land in a user accessible inventory or be used to restock some component. Some systems can also use item call to automatically restock, for example from Bulk Storage.",,,物品呼叫,,,,,,,,,,,,,,,,Llamada de Items,
storage,,,Item Checker,,Storage tech term. Device filters shulker boxes with stackable items of the same type. Useful for set-based processing where an extra item is needed to configure an item set.,,,物品比对,,,,,,,,,,,,,,,,Comprobador de Items,
storage,,,Item Input,,Storage tech term.,,,物品输入,,,,,,,,,,,,,,,,Input de Items,
storage,,,Item Overflow,,Storage tech term.,,,物品溢出,,,,,,,,,,,,,,,,Overflow de Items,
storage,,,Item Wanker (aka Keygen),,"Storage tech term. Usually part of a Box Sorter, a keygen is a contraption that takes one item out of a box, breaks it and sends the item and sends one through one hopper or Dropperline and the other through another one, with some delay.",,,潜影盒取样器,,,,,,,,,,,,,,,,Item Wanker,
storage,,,Keygen (aka Item Wanker),,"Storage tech term. Usually part of a Box Sorter, a keygen is a contraption that takes one item out of a box, breaks it and sends the item and sends one through one hopper or Dropperline and the other through another one, with some delay.",,,潜影盒取样器,,,,,,,,,,,,,,,,Keygen,
storage,,,Loader,,Storage tech term.,,,打包机,储电述语，指自动将物品塞入潜影盒内并输出该盒的装置。*,,,,,,,,,,,,,,,Cargador,
storage,,,Local,,"Storage tech term. Annotates that a signal  comes from within a Slice, not from a global system. For example, all 8 slices have their own clock.",,,"局部的, 非全局的",,,,,,,,,,,,,,,,Local,
storage,,,Local Output (aka Slice Preservation),,Storage tech term.,,,单片输出,,,,,,,,,,,,,,,,Salida local (Preservación de slice),
storage,,,Mixed Box,,Storage tech term. Refers to a shulker box with multiple item types.,,,混杂盒,储电述语，形容装有不同物品的潜影盒。,,,,,,,,,,,,,,,Box Mezclada,
storage,,,Mixed Box Loader,,Storage tech term. Refers to a Box Loader that can handle multiple itemtypes going to the same box. Fullness detection is usually done by reading that items are backing up in the container ( hopper / dropper ) feeding the box.,,,混杂打包机,,,,,,,,,,,,,,,,Loader de Boxes Mezcladas,
storage,MBS,,Multi Box Sorter,,Storage tech term.,,,多种类潜影盒分类,,,,,,,,,,,,,,,,Clasificador Múltiple de Boxes,
storage,MIS,,Multi Item Sorter,,"Storage tech term. Refers to a type of item sorter (system) that sorts multiple item-types into a single chest or group of chests, usually used to reduce space used by single item-type sorters to group not too common items into categories.",,,多物品分类,,,,,,,,,,,,,,,,Clasificador Múltiple de Items,
storage,,\d+(?:\.\d+)?\s*[xX]\s*(?:hopper|dropper\s+)?speed\b,n X,,Usually refers to hopper or dropper speed in storage tech community,,,n倍速,在储电社群中用于计算漏斗/投掷器处理物品的速度。,,,,,,,,,,,,,,,n X,
storage,,,Pair Assembler,,"Storage tech term. Refers to a contraption that takes in multiple boxes (usually single item-type boxes) and outputs pairs of boxes so that the boxes of each pair have the same item type. They differ in speed, how they handle single boxes (ones that don't have a matching pair) and implementation in general.",,,潜影盒配对器,,,,,,,,,,,,,,,,Ensamblador de Pares,
storage,,,Pair Finder,,"Storage tech term. Refers to a contraption that takes in multiple boxes (usually single item-type boxes) and outputs pairs of boxes so that the boxes of each pair have the same item type. They differ in speed, how they handle single boxes (ones that don't have a matching pair) and implementation in general.",,,潜影盒配对器,,,,,,,,,,,,,,,,Buscador de Pares,
storage,,,Pair Optimizer,,Storage tech term.,,,潜影盒最优配对器,,,,,,,,,,,,,,,,Optimizador de Pares,
storage,,,Pair Searcher,,"Storage tech term. Refers to a contraption that takes in multiple boxes (usually single item-type boxes) and outputs pairs of boxes so that the boxes of each pair have the same item type. They differ in speed, how they handle single boxes (ones that don't have a matching pair) and implementation in general.",,,潜影盒配对器,,,,,,,,,,,,,,,,Buscador de Pares,
storage,,,Panel,,,,,面板,,,,,,,,,,,,,,,,Panel,
storage,PEIS,,PEIS,,,,,并行卸货阵列/整流器,,,,,,,,,,,,,,,,PEIS,
storage,,,Peripheral,,"When used in storage tech, it is used to describe contraptions that are almost Storage Tech. Examples are Furnace Arrays, Brewers, Crafting stations, Autocrafters, ...",,,其他的,,,,,,,,,,,,,,,,Periférico,
storage,,,Precision Hopper,,"Storage tech term. Refers to a hopper that is unlocked in the same tick as it's supposed to suck up an item. If the item entity is created in that tick, as it would be with for example timing a shulker box breaking correctly, there will be 0 physics enacted on that item. This makes it not only extremely reliable as there are no physics issues, but also might be lazy chunk compatible [Needs proof] .",,,精密漏斗,,,,,,,,,,,,,,,,Hopper de Precisión,
storage,,,Precision Loader,,Storage tech term. Refers to a Box Loader that makes use of a Precision Hopper to achieve Slice Preservation.,,,精密打包机,,,,,,,,,,,,,,,,Loader de Precisión,
storage,,,Prefill,,Refers to filling containers with items beforehand.,,,预填充,,,,,,,,,,,,,,,,Precarga,
storage,,,Preplace,,Refers to blocks being placed beforehand.,,,预放置,,,,,,,,,,,,,,,,Precolocado,
storage,,,Pure Box,,Storage tech term.,,,纯净盒,储电述语，形容该潜影盒中仅有一种类的物品。,,,,,,,,,,,,,,,Box Pura,
storage,,,Quad Bulk,,Storage tech term.,,,四边形大宗,,,,,,,,,,,,,,,,Bulk Cuádruple,
storage,,,Remote Bulk,,,,,远程访问大宗,,,,,,,,,,,,,,,,Bulk Remoto,
storage,,,Sequential,,Storage tech term.,,,顺序的,,,,,,,,,,,,,,,,Secuencial,
storage,,,Serializer,,"In storage tech, it refers to components used to convert Serial codes into Parallel codes or viceversa. These sometimes also act as Encoders or Decoders, in the computational redstone sense. For example serial hex to parallel binary is a deserializer encoder.",,,串行信号发生器,,,,,,,,,,,,,,,,Serializador,
storage,,,Set,,,,,整流,,,,,,,,,,,,,,,,Set,
storage,,,Set Based,,Storage tech term.,,,基于黑名单的,,,,,,,,,,,,,,,,Basado en Set,
storage,SS Sorter,,Signal Strength Sorter,,Storage tech term.,,,潜影盒填充度分类,,,,,,,,,,,,,,,,Clasificador de Signal Strength,
storage,,,Silent,,"Storage tech term. Used to tag a contraption that does not make noise when activated. Sources of noise are: pistons, uncovered note blocks, trapdoors, doors and fence gates, and droppers or dispensers failing to fire. Silent contraptions usually avoid all of those.",,,静音,,,,,,,,,,,,,,,,Silencioso,
storage,,,Slice Preservation (aka Local Output),,"Storage tech term. A contraption is said to be slice preserving if it outputs the shulker boxes or items within the slice, in contrast to Global Output, where there's one output for all Slices. This term is mostly used for 1-Wide Tileable contraptions. Since some systems are only mostly slice preserving, but fail to be so in some specific condition or with a very low change, some people use the term perfect slice preservation for a system that does not have said flaws.",,,单片输出,,,,,,,,,,,,,,,,Presevarción de Slice,
storage,,,Smart Box Display,,Storage tech term. A Box Display that will only break the shulker box when it's both empty and closed.,,,可反悔潜影盒展示,,,,,,,,,,,,,,,,(Shulker) Box Display Inteligente,
storage,,,Smart Box Sorter,,Storage tech term.,,,单片解锁潜影盒分类,,,,,,,,,,,,,,,,(Shulker) Box Sorter Inteligente,
storage,,,Stack Separation/Separator,,Storage tech term. Uses item entity separators to sort up to one full stack at a time.,,,堆分离,,,,,,,,,,,,,,,,Separador de Stacks,
storage,,,Stack Sorter,,Storage tech term. Refers to contraption that uses stack separation to filter entire stack of items at once.,,,堆分类,,,,,,,,,,,,,,,,Clasificador de Stacks,
storage,SIS,,Storage Input System,,Storage tech term.,,,输入系统,,,,,,,,,,,,,,,,Input del Sistema de Almacenamiento,
storage,Svar,,Svar,,,,,自适应潜影盒分类,,,,,,,,,,,,,,,,Clasificador Variable de (Shulker) Boxes,
storage,,,Temp Storage,,"Storage tech term. Short for ""temporary storage"". Refers to a contraption that stores a partial box until another partial box with the same item type is input, after which both are output for merging",,,临时存储(缓存),,,,,,,,,,,,,,,,Almacén Temporal,
storage,,,Unloader,,"Storage tech term. Usually refers to a contraption that unloads items from a container, such as shulker box or minecarts",,,拆包机/卸货机,,,,,,,,,,,,,,,,Unloader,
storage,,,Unstackable Filter (aka Unstackable Separator),,Storage tech term. Refers to a contraption that separates unstackable items from stackable items,,,不可堆叠分离,,,,,,,,,,,,,,,,Filtro de Unstackables,
storage,,,Unstackable Separator (aka Unstackable Filter),,Storage tech term. Refers to a contraption that separates unstackable items from stackable items,,,不可堆叠分离,,,,,,,,,,,,,,,,Filtro de Unstackables,
storage,,,Unstackable Sorter,,Storage tech term. Refers to a contraption that sorts a certain unstackable(s) from other unstackables based on a unique property of that item,,,不可堆叠分类,,,,,,,,,,,,,,,,Clasificador de Unstackables,
storage,var,,Variable,,Storage tech term.,,,自适应的,,,,,,,,,,,,,,,,Variable,
storage,,,Variable Loader,,Storage tech term.,,,自适应打包机,,,,,,,,,,,,,,,,Loader Variable,
storage,,,Variable Sorter,,"Storage tech term. Refers to an item filter that does not always filter for the same item, but instead can be remapped, meaning getting the item type reassigned (in contrast with Fixed Sorter).",,,自适应分类,,,,,,,,,,,,,,,,Clasificador Variable,
storage,,,Variable Stack Separation,,Storage tech term.,,,自适应堆分,,,,,,,,,,,,,,,,Separador Variable de Stacks,
storage,,,Wanker(aka Item Wanker),,Storage tech term.,,,潜影盒取样器,,,,,,,,,,,,,,,,Wanker,
storage,,,Whitelister,,Storage tech term.,,,白名单,,,,,,,,,,,,,,,,Whitelister,
storage,,,Whitelister Box Sorter,,Storage tech term. Sorts boxes by checking if it contains a specific item type in any slot,,,白名单分盒器*,,,,,,,,,,,,,,,,Box Sorter con Whitelister,
tree_farm,,,Balloon Oak,,"A fancy oak generated with the smallest size possible. It consists of a tall trunk and leaves that form a spherical shape, similar to a balloon. However, it is also sometimes being referred as the fancy oak itself.",,,气球橡树,气球橡树。指一种最小尺寸的华丽橡树，拥有高大的树干和呈球形的树叶，形似气球而得名。有时也直接指代华丽橡树。,,,,,,,,,,,,,,,Roble (Oak) Grande,
tree_farm,,,Corner Retraction,,Tree farming term. Refers to a type of bottom log processing for big spruce tree farms by removing the corner log first in gt0 to allow sapling planting at that spot.,,,角落侧吸,树场术语。指一种用于大型云杉树场的底部原木处理方式，通过在第0游戏刻（gt0）优先移除角落原木，以便在该位置种植树苗。,,,,,,,,,,,,,,,Retracción de esquina,
tree_farm,XBM,,Cross Bone Meal,,"Tree farming term. Asynchronous application of bone meal to a sapling with multiple dispensers, usually used to differentiate from synced bone meal",,,交叉催熟,树场群体的术语。指多个发射器对树苗不同步地使用骨粉，一般用于和同步催熟做出区分,,,,,,,,,,,,,,,Polvo de Hueso Cruzado,
tree_farm,Doak,,Dark Oak,,,,,深色橡树,,,,,,,,,,,,,,,,Roble Oscuro,
tree_farm,,,Leaf Detection,,Tree farming term. Refers to a method of detecting tree growth by utlising the updates from leaves branching out from the bottom log when tree grows.,,,树电检测/树叶检测,树场述语，指利用树叶状态改变检测树苗是否长大。,,,,,,,,,,,,,,,Detección de Hojas,
tree_farm,,,N Core,,"In huge fungus farming community, it refers to a farm with multiple tileable cores (usually n≫1) that the player travels between planting consecutively at each one",,,N 核,,,,,,,,,,,,,,,,N Core (Núcleos),
tree_farm,PLD,,Push Limit Detection/Detector,,"A method or contraption that outputs when the input is push limited, usually used in tree farming community.",,,推动上限检测/推限检测/魔法检测,,,,,,,,,,,,,,,,Detector de Push Limit,
tree_farm,,,Retract Through Dirt,,Tree farming term. Refers to log being retracted downwards through the planting block (dirt or nylium) with pistons and being moved away,,,下吸,树场述语，描述将树根部的木头向下移走，穿过种植树苗的方块。*,,,,,,,,,,,,,,,Retraer a través de Dirt,
tree_farm,,,Side Retraction,,"Usually refers to pulling a block sideways, often used to describe bottom log processing in tree farm community.",,,侧吸,,,,,,,,,,,,,,,,Retracción lateral,
tree_farm,,,Synced Bone Meal,,"Tree farming term. Synchronous application of bone meal to a sapling with all the dispensers, usually used to differentiate from cross bone meal",,,同步催熟,树场群体的术语。指所有发射器同步地对树苗使用骨粉，一般用于和交叉催熟做出区分,,,,,,,,,,,,,,,Polvo de hueso sincronizado,
